Site,Name,Lat,Lon,2023-01-01,2023-01-11,2023-01-21,2023-01-31,2023-02-10,2023-02-20,2023-03-02,2023-03-12,2023-03-22,2023-04-01,2023-04-11,2023-04-21,2023-05-01,2023-05-11,2023-05-21,2023-05-31,2023-06-10,2023-06-20,2023-06-30,2023-07-10,2023-07-20,2023-07-30,2023-08-09,2023-08-19,2023-08-29,2023-09-08,2023-09-18,2023-09-28,2023-10-08,2023-10-18,2023-10-28,2023-11-07,2023-11-17,2023-11-27,2023-12-07,2023-12-17,2023-12-27,2024-01-06,2024-01-16,2024-01-26,2024-02-05,2024-02-15,2024-02-25,2024-03-06,2024-03-16,2024-03-26,2024-04-05,2024-04-15,2024-04-25,2024-05-05,2024-05-15,2024-05-25,2024-06-04,2024-06-14,2024-06-24,2024-07-04,2024-07-14,2024-07-24,2024-08-03,2024-08-13,2024-08-23,2024-09-02,2024-09-12,2024-09-22,2024-10-02,2024-10-12,2024-10-22,2024-11-01,2024-11-11,2024-11-21,2024-12-01,2024-12-11,2024-12-21,2024-12-31,2025-01-10,2025-01-20,2025-01-30,2025-02-09,2025-02-19,2025-03-01,2025-03-11,2025-03-21,2025-03-31,2025-04-10,2025-04-20,2025-04-30,2025-05-10,2025-05-20,2025-05-30,2025-06-09,2025-06-19,2025-06-29,2025-07-09,2025-07-19,2025-07-29,2025-08-08,2025-08-18,2025-08-28,2025-09-07,2025-09-17,2025-09-27,2025-10-07,2025-10-17,2025-10-27,2025-11-06,2025-11-16,2025-11-26,2025-12-06,2025-12-16,2025-12-26
323313117033904,019S002W02C010S,32.55364444,-117.0616028,13.29,13.32,12.82,,12.55,12.56,,,,11.41,11.65,11.87,12.1,12.33,12.53,12.75,12.98,13.21,13.47,13.77,14.02,14.21,14.45,14.61,14.12,14.05,14.05,14.06,14.15,14.26,14.39,14.55,,14.45,14.18,14.05,13.92,13.62,13.52,13.08,,12.27,12.19,12.18,12.16,12.07,12.03,12.11,12.25,12.35,12.48,12.68,12.9,13.12,13.3,13.53,13.75,13.92,14.09,14.25,14.42,14.56,14.62,14.78,14.83,15.0,15.11,15.19,15.29,15.39,15.44,15.46,15.54,15.56,15.65,15.68,15.61,15.27,14.75,14.46,14.04,13.47,13.25,13.22,13.32,13.44,13.56,13.79,13.94,14.12,14.26,14.52,14.75,14.95,15.18,15.33,15.55,15.73,15.84,15.89,15.89,15.88,15.85,15.51,15.32,15.0,,,,
323313117033905,019S002W02C011S,32.55364444,-117.0616028,11.32,11.37,10.26,,11.42,11.81,9.75,10.24,,10.01,11.0,11.59,11.97,12.25,12.59,12.9,13.25,13.43,13.78,14.04,14.29,14.41,14.59,14.72,12.88,13.18,13.42,13.67,13.82,14.03,14.22,14.47,,13.37,12.95,13.17,12.61,12.25,12.49,11.29,,10.71,10.83,11.22,11.32,10.98,10.95,11.49,11.89,12.15,12.42,12.73,12.94,13.09,13.42,13.65,13.87,14.05,14.16,14.35,14.49,14.43,14.6,14.77,14.75,14.98,15.14,15.21,15.29,15.3,15.32,15.35,15.44,15.41,15.54,15.56,14.13,13.73,12.97,13.2,12.49,11.15,12.1,12.4,12.79,13.18,13.47,13.55,13.88,14.08,14.43,14.69,14.94,15.21,15.44,15.59,15.77,15.91,15.73,15.94,15.51,15.78,13.83,13.92,14.45,13.51,,,,
323527117050003,018S002W22E005S,32.59100556,-117.083475,44.47,43.71,43.17,42.77,43.19,42.88,42.38,39.95,38.69,38.67,38.76,38.53,38.24,37.95,37.4,37.18,37.34,38.23,40.19,39.38,36.48,34.38,32.98,32.83,32.2,31.7,31.08,31.07,32.54,32.66,32.56,31.9,32.27,32.58,33.38,33.83,34.11,34.38,34.64,35.1,35.28,35.04,34.7,34.5,34.41,,33.85,34.03,34.18,34.01,34.78,35.37,36.95,38.47,38.15,36.82,33.88,33.28,33.07,33.92,33.14,32.61,33.55,34.35,35.21,34.8,35.37,37.1,38.8,40.05,39.41,39.06,39.85,39.38,38.82,38.22,37.74,37.45,37.21,37.3,36.76,36.76,36.72,36.48,37.3,38.01,38.61,40.07,41.44,41.53,42.37,42.52,42.88,43.51,43.81,43.72,43.19,42.84,42.47,41.74,40.49,39.57,38.64,38.43,38.34,37.07,36.3,36.16,35.93,35.72
323527117050004,018S002W22E006S,32.59100556,-117.083475,41.96,41.13,40.68,40.31,40.7,40.41,39.81,37.46,36.45,36.47,36.56,36.33,36.04,35.79,35.29,35.14,35.23,36.25,38.04,37.02,34.23,32.44,31.11,31.01,30.48,30.08,29.49,29.61,30.99,31.06,30.93,30.31,30.77,30.96,31.78,32.14,32.39,32.63,32.86,33.29,33.41,33.15,32.77,32.58,32.47,32.22,31.98,32.16,32.29,32.1,33.0,33.37,35.03,36.38,35.95,34.61,31.85,31.58,31.29,32.27,31.44,30.89,31.92,32.63,33.48,32.98,33.61,35.21,36.77,37.92,37.12,36.92,37.69,37.2,36.7,36.14,35.7,35.45,35.22,35.28,34.8,34.76,34.72,34.5,35.33,35.94,36.52,37.92,39.14,39.13,39.95,40.03,40.41,41.04,41.24,41.11,40.61,40.25,39.97,39.28,38.07,37.25,36.46,36.27,36.2,34.93,34.28,34.15,33.95,33.73
323527117050005,018S002W22E007S,32.59100556,-117.083475,11.52,11.57,10.11,10.62,11.04,11.2,10.5,10.62,10.26,10.48,10.55,10.88,11.16,11.29,11.4,11.51,11.65,11.69,11.99,12.39,12.72,13.06,13.38,13.66,11.82,11.92,12.2,12.48,12.71,12.91,13.14,13.4,13.59,12.24,12.09,12.13,11.76,11.64,11.77,10.77,10.69,9.51,9.99,10.51,10.76,10.86,10.77,10.97,11.22,11.42,11.56,11.79,11.96,12.15,12.46,12.79,13.11,13.39,13.67,13.92,14.15,14.37,14.57,14.75,14.89,15.05,15.22,15.37,15.52,15.65,15.76,15.88,15.95,16.04,16.13,16.22,14.98,13.51,12.56,12.5,12.06,11.59,11.77,11.84,12.02,12.04,12.03,12.33,12.72,12.85,13.13,13.61,14.0,14.3,14.59,14.86,15.1,15.38,15.6,15.8,15.88,16.04,16.08,16.23,16.34,15.79,12.72,12.56,12.51,11.98
323659117033304,018S002W11P004S,32.6165972,-117.059411,125.76,125.9,125.82,125.8,125.87,125.9,125.87,125.77,125.64,125.57,125.47,125.39,125.28,125.31,125.28,125.26,125.27,125.34,125.37,125.28,125.21,125.16,125.21,125.13,125.07,125.12,125.08,125.09,125.07,125.09,125.09,125.11,125.13,125.15,125.19,125.19,125.24,125.22,125.25,125.23,125.12,125.16,125.04,124.95,124.9,124.82,124.66,124.59,124.46,124.31,124.33,124.26,124.29,124.31,124.23,124.15,124.13,124.09,123.99,123.96,123.97,123.95,123.97,124.07,124.07,124.19,124.2,124.17,124.25,124.22,124.14,124.07,124.07,123.93,123.9,123.76,123.66,123.49,123.37,123.25,123.1,123.05,122.95,122.88,122.85,122.78,122.72,122.78,122.82,122.88,122.94,123.04,123.14,123.27,123.39,123.42,123.53,123.63,123.72,123.72,123.75,123.78,123.84,123.93,124.03,123.99,124.0,124.06,124.13,124.13
323659117033305,018S002W11P005S,32.6165972,-117.059411,117.37,117.54,117.57,117.41,117.48,117.5,117.45,117.48,,117.47,117.44,117.45,117.48,117.54,117.56,117.56,117.57,117.64,117.6,117.56,117.58,117.6,117.76,117.65,117.66,117.73,117.74,117.69,117.69,117.74,117.69,117.71,117.69,117.72,117.75,117.73,117.77,117.67,117.75,117.76,117.64,117.77,117.69,117.64,117.75,117.76,117.67,117.75,117.73,117.71,117.72,117.73,117.73,117.77,117.84,117.85,117.89,117.84,117.78,117.81,117.83,117.84,117.84,117.91,117.89,117.98,117.94,117.89,117.91,117.86,117.81,117.8,117.83,117.82,117.9,117.78,117.81,117.72,117.73,117.71,117.58,117.68,117.69,117.75,117.75,117.73,117.7,117.75,117.76,117.78,117.83,117.87,117.9,117.93,117.92,118.04,118.08,118.14,118.17,118.12,118.11,118.1,118.13,118.13,118.15,118.04,118.08,118.11,118.17,118.12
323659117033306,018S002W11P006S,32.6165972,-117.059411,119.8,119.99,119.98,119.97,119.94,119.96,120.05,120.04,120.11,120.06,120.04,120.0,120.05,120.06,120.09,120.1,120.07,120.14,120.11,120.12,120.11,120.12,120.19,120.17,120.2,120.26,120.25,120.23,120.25,120.28,120.27,120.29,120.27,120.31,120.3,120.28,120.33,120.29,120.33,120.38,120.26,120.33,120.37,120.3,120.44,120.44,120.42,120.35,120.38,120.37,120.36,120.38,120.34,120.35,120.39,120.39,120.4,120.41,120.36,120.41,120.43,120.42,120.39,120.4,120.37,120.42,120.4,120.39,120.44,120.42,120.5,120.41,120.51,120.54,120.55,120.53,120.57,120.5,120.51,120.52,120.47,120.53,120.52,120.54,120.52,120.54,120.51,120.54,120.5,120.55,120.57,120.55,120.55,120.62,120.61,120.61,120.63,120.61,120.68,120.65,120.69,120.71,120.72,120.71,120.73,120.79,120.76,120.79,120.79,120.77
323915117055304,017S002W33D004S,32.65441389,-117.0982444,30.84,30.52,30.35,,30.72,30.87,30.86,30.52,29.99,29.97,30.33,30.2,30.33,30.39,29.94,29.82,30.02,30.48,30.82,30.47,30.14,29.56,29.29,29.16,28.88,28.77,28.54,28.34,28.32,28.26,28.3,28.52,28.45,28.51,28.67,28.66,28.7,28.78,,28.73,28.78,28.84,28.76,28.67,28.66,28.82,28.68,28.72,28.59,28.43,29.12,29.55,29.74,30.02,29.43,29.03,28.71,28.5,28.34,28.31,28.03,28.25,28.23,28.29,28.29,28.41,28.43,28.57,29.77,29.25,29.0,29.16,29.96,29.26,29.1,29.0,28.84,28.74,,28.61,28.49,28.68,28.48,28.29,29.54,28.93,29.61,30.33,30.74,29.87,,29.88,30.78,31.0,31.33,30.66,30.25,30.14,29.86,29.63,29.42,29.03,29.0,28.87,28.75,28.7,28.6,28.42,28.48,28.5
323915117055305,017S002W33D005S,32.65441389,-117.0982444,24.11,24.28,24.28,,24.34,24.38,24.42,24.31,24.14,24.12,24.54,24.46,24.57,24.71,24.46,24.35,24.55,24.67,24.62,24.63,24.58,24.46,24.5,24.22,24.15,24.27,24.26,24.2,24.17,24.14,24.14,24.17,24.13,24.12,24.12,24.08,24.07,24.09,,23.98,23.93,23.77,23.72,23.75,23.79,23.86,23.76,23.77,23.79,23.8,23.83,23.84,23.9,23.93,23.94,23.93,23.9,23.9,23.87,23.85,23.81,23.81,23.79,23.79,23.8,23.8,23.8,23.82,23.89,23.91,23.94,23.94,24.01,24.01,24.0,24.01,24.01,24.04,,24.04,23.97,23.88,23.88,23.89,23.96,23.93,23.95,24.02,24.07,24.11,,24.17,24.22,24.27,24.32,24.35,24.36,24.37,24.38,24.38,24.36,24.33,24.29,24.28,24.28,24.22,24.07,24.04,24.04,24.01
324055117064403,017S002W20F003S,32.68208056,-117.1123806,12.61,12.65,12.36,12.35,12.33,12.26,12.21,12.09,11.88,11.78,11.69,11.67,11.72,11.75,11.77,11.79,11.85,11.91,11.94,12.03,12.07,12.05,,,,,,,,12.1,12.1,12.18,12.15,12.14,12.21,12.21,12.19,12.25,12.27,11.89,11.8,11.53,11.44,11.4,11.42,12.02,11.87,11.89,11.86,11.89,11.94,11.95,11.96,12.06,12.06,12.08,12.15,12.16,12.13,12.2,12.22,12.23,12.24,12.24,12.26,12.27,12.24,12.21,12.23,12.22,12.25,12.31,12.38,12.37,12.44,12.5,12.47,12.5,12.55,12.53,12.49,12.45,12.4,12.48,12.52,12.51,12.53,12.59,12.57,12.59,12.62,12.64,12.63,12.66,12.72,12.67,12.7,12.74,12.71,12.7,12.72,12.67,12.71,12.72,12.66,12.69,12.59,12.5,12.54,12.55
324055117064404,017S002W20F004S,32.68208056,-117.1123806,11.69,11.69,11.17,11.21,11.21,11.16,10.95,10.79,10.36,10.3,10.34,10.36,10.45,10.51,10.57,10.65,10.72,10.83,10.88,10.99,11.08,11.1,11.1,11.14,10.96,11.06,11.08,11.06,11.13,11.14,11.19,11.31,11.35,11.39,11.48,11.48,11.45,11.5,11.52,10.94,10.69,10.21,10.13,10.12,10.24,10.66,10.42,10.51,10.58,10.61,10.67,10.72,10.74,10.84,10.9,10.93,11.03,11.05,11.03,11.13,11.14,11.2,11.22,11.19,11.27,11.33,11.31,11.35,11.43,11.43,11.45,11.46,11.49,11.45,11.5,11.57,11.59,11.64,11.66,11.7,11.64,11.44,11.42,11.51,11.55,11.56,11.61,11.64,11.66,11.71,11.73,11.77,11.78,11.79,11.82,11.81,11.81,11.86,11.87,11.89,11.85,11.82,11.83,11.82,11.82,11.82,11.61,11.59,11.68,11.66
324055117064405,017S002W20F005S,32.68208056,-117.1123806,9.09,9.41,8.8,8.95,9.06,8.93,8.75,8.63,8.1,8.15,8.21,8.2,8.37,8.42,8.44,8.54,8.63,8.69,8.72,8.83,8.85,8.77,8.93,8.97,8.67,8.92,8.95,8.88,9.04,9.0,9.0,9.21,9.18,9.16,9.37,9.34,9.27,9.41,9.46,8.63,8.21,7.96,7.88,7.83,8.04,8.26,7.96,8.14,8.19,8.23,8.37,8.37,8.35,8.55,8.52,8.53,8.71,8.67,8.61,8.82,8.77,8.83,8.94,8.87,8.97,9.07,9.03,9.08,9.2,9.2,9.2,9.26,9.34,9.27,9.37,9.46,9.37,9.43,9.4,9.37,9.21,9.09,9.0,9.17,9.24,9.17,9.27,9.34,9.28,9.33,9.41,9.37,9.38,9.44,9.53,9.43,9.51,9.56,9.51,9.54,9.56,9.45,9.53,9.57,9.47,9.45,9.34,9.2,9.38,9.23
324116117050804,017S002W16Q012S,32.68779444,-117.0855972,133.92,134.07,134.08,133.96,133.84,133.9,133.98,133.37,133.51,133.5,133.33,133.31,133.18,133.23,133.34,133.24,133.18,133.19,133.24,133.38,133.39,132.02,130.86,129.89,129.12,129.41,128.8,128.89,128.74,127.91,127.56,127.74,127.61,127.53,127.44,127.45,127.8,127.88,127.95,128.51,129.16,129.47,128.48,128.1,127.89,127.85,127.67,127.49,127.75,128.4,129.23,129.77,129.97,129.77,128.83,128.0,127.32,127.3,126.89,126.65,126.92,127.97,127.72,126.83,126.5,127.14,126.49,126.41,128.41,129.38,127.62,128.76,128.55,127.55,127.2,126.69,126.73,126.25,125.46,125.65,125.45,125.3,125.36,125.31,127.32,127.98,128.56,129.51,130.29,130.49,130.89,131.2,131.46,131.76,132.03,132.27,132.29,132.43,132.48,131.47,130.26,128.92,128.72,128.78,129.43,130.03,130.43,130.43,130.47,130.3
324116117050805,017S002W16Q013S,32.68779444,-117.0855972,100.89,101.15,101.13,101.17,101.07,101.11,101.24,101.18,101.26,101.19,101.15,101.11,101.16,101.18,101.18,101.21,101.18,101.25,101.2,101.18,101.16,101.15,101.21,101.15,101.16,101.2,101.15,101.09,101.05,101.07,101.01,101.03,100.96,100.95,100.89,100.84,100.85,100.75,100.81,100.83,100.67,100.69,100.73,100.62,100.8,100.78,100.69,100.6,100.58,100.6,100.56,100.59,100.52,100.5,100.52,100.51,100.5,100.49,100.36,100.41,100.4,100.36,100.32,100.28,100.21,100.27,100.23,100.15,100.23,100.18,100.22,100.04,100.16,100.14,100.13,100.06,100.12,100.01,100.04,100.0,99.89,99.92,99.91,99.9,99.9,99.88,99.85,99.89,99.89,99.88,99.92,99.85,99.84,99.9,99.87,99.85,99.86,99.83,99.88,99.83,99.8,99.79,99.73,99.67,99.64,99.73,99.66,99.67,99.66,99.61
324641117071505,016S002W18J007S,32.77809167,-117.1208556,15.61,16.5,15.55,16.31,16.85,16.95,15.57,16.03,14.4,15.82,16.69,17.12,17.48,17.75,17.62,17.5,17.84,17.99,18.17,18.3,18.42,18.55,18.55,18.58,17.66,18.06,18.24,18.31,18.41,18.11,17.7,17.55,17.22,17.72,17.85,17.99,17.69,17.69,17.85,16.5,15.45,16.05,16.34,16.47,16.86,16.75,16.39,16.98,17.29,17.49,17.69,17.86,17.98,18.1,18.24,18.35,18.46,18.54,18.55,18.61,18.65,18.68,18.72,18.72,18.72,18.75,18.75,18.72,18.6,18.56,18.49,18.4,18.35,18.31,18.32,,18.03,18.09,17.39,17.85,16.82,17.06,17.5,17.79,17.98,18.12,18.18,18.29,18.42,18.48,18.6,18.71,18.81,18.83,18.81,18.85,18.88,18.89,18.95,18.72,18.78,18.85,18.52,18.73,18.77,17.71,17.62,18.0,18.23,17.36
330514116582901,012S001W34L002S,33.08734444,-116.9747556,83.23,82.81,77.04,71.72,71.59,71.86,70.33,59.59,45.22,40.81,,40.71,40.57,43.97,45.89,46.78,47.74,48.32,48.74,49.11,49.49,49.48,49.81,49.59,49.39,49.49,49.11,49.28,49.14,48.93,49.27,49.24,48.79,48.25,48.23,48.09,47.43,46.97,46.51,45.83,45.15,36.29,37.38,37.78,37.26,36.28,24.33,19.52,20.84,22.41,24.32,25.33,25.9,26.76,27.08,27.95,28.44,29.42,29.92,30.61,30.17,29.85,30.65,30.26,30.46,31.64,31.32,31.45,31.77,31.74,31.35,31.85,31.49,31.56,31.82,31.26,31.04,30.69,30.17,30.4,29.61,29.27,29.58,29.85,29.67,30.24,30.41,31.06,31.56,31.62,32.54,32.77,33.32,33.67,34.06,34.53,34.79,35.33,35.79,35.92,36.09,36.3,36.44,36.48,36.9,36.61,36.27,36.63,36.84,36.5
330514116582902,012S001W34L003S,33.08734444,-116.9747556,83.29,82.9,77.14,71.76,71.62,71.92,70.35,59.5,44.91,34.07,,35.18,40.34,43.78,45.73,46.72,47.67,48.3,48.67,49.01,49.39,49.45,49.65,49.48,49.38,49.45,49.09,49.26,49.16,49.01,49.31,49.24,48.86,48.37,48.26,48.08,47.52,47.06,46.61,45.96,45.27,36.27,37.45,37.85,37.31,36.29,24.16,19.33,20.77,22.34,24.17,25.25,25.76,26.6,26.99,27.79,28.3,29.27,29.73,30.41,30.04,29.75,30.43,30.11,30.33,31.42,31.19,31.26,31.6,31.64,31.3,31.75,31.44,31.52,31.75,31.22,31.06,30.7,30.19,30.43,29.66,29.31,29.58,29.84,29.68,30.21,30.36,30.99,31.48,31.58,32.38,32.7,33.19,33.51,33.96,34.39,34.63,35.19,35.67,35.81,35.99,36.26,36.35,36.47,36.89,36.64,36.34,36.66,36.82,36.53
330514116582903,012S001W34L004S,33.08734444,-116.9747556,83.35,82.98,76.25,70.55,70.69,71.24,69.6,57.95,42.6,31.95,,33.73,39.42,42.98,45.22,46.39,47.32,47.93,48.38,48.76,49.14,49.28,49.43,49.36,49.18,49.29,49.04,49.13,49.1,48.96,49.09,49.14,48.85,48.43,48.23,48.03,47.55,47.05,46.63,46.02,45.33,35.84,37.27,37.79,37.25,36.17,23.5,18.47,20.28,21.98,23.7,24.95,25.51,26.31,26.84,27.52,28.02,28.74,29.35,29.87,29.8,29.65,30.12,30.01,30.13,31.01,31.0,31.13,31.43,31.47,31.26,31.47,31.35,31.37,31.56,31.2,31.09,30.72,30.22,30.4,29.68,29.31,29.55,29.73,29.7,30.11,30.3,30.84,31.27,31.54,32.15,32.55,33.0,33.36,33.79,34.19,34.5,35.02,35.44,35.67,35.87,36.11,36.25,36.44,36.81,36.7,36.41,36.63,36.81,36.6
332747117061102,008S002W20J002S,33.46320278,-117.1043278,64.53,64.54,64.26,64.1,63.63,63.59,63.56,63.36,63.49,63.23,63.09,62.78,62.72,62.58,62.45,62.38,62.16,61.95,61.82,61.78,61.71,61.64,61.54,61.44,61.34,61.29,61.2,61.05,60.98,61.01,60.91,60.86,60.78,60.73,60.61,60.51,60.48,60.26,60.27,60.25,59.97,59.9,59.8,59.56,59.62,59.54,59.31,59.22,59.15,59.02,58.97,58.93,58.79,58.71,58.68,58.64,58.62,58.63,58.51,58.52,58.51,58.44,58.39,58.36,58.25,58.35,58.28,58.2,58.23,58.21,58.19,58.08,58.12,58.1,58.14,58.05,58.1,57.98,57.97,57.91,57.81,57.78,57.77,57.73,57.66,57.61,57.56,57.57,57.58,57.55,57.55,57.53,57.58,57.6,57.6,57.58,57.74,57.8,57.91,57.95,57.99,58.01,58.09,58.06,58.05,58.09,58.02,58.05,58.11,58.04
332819117070605,008S002W19A005S,33.47213056,-117.1185722,7.04,6.93,7.11,8.81,9.25,9.45,6.37,6.94,5.39,6.75,7.93,8.32,8.54,8.34,9.0,9.25,9.11,9.08,9.68,9.87,10.19,9.96,9.96,10.02,8.86,9.42,9.59,9.48,9.81,10.11,9.96,9.89,7.87,9.07,9.19,9.09,8.64,8.56,8.56,7.06,5.21,6.53,6.52,6.43,6.58,6.57,6.37,6.39,6.49,6.55,6.64,6.66,6.98,7.28,7.44,7.6,7.79,8.12,8.32,8.41,8.47,8.49,8.41,8.34,8.37,8.42,8.39,8.34,8.33,8.27,8.23,8.23,8.2,8.2,8.18,8.08,7.94,7.92,6.72,7.17,6.21,6.57,6.59,6.68,6.98,7.21,7.35,7.53,7.69,7.32,7.67,7.91,8.02,8.14,8.27,8.35,8.74,8.78,9.1,9.26,9.18,9.09,8.32,8.75,8.75,5.9,7.45,7.94,8.21,6.22
332819117070606,008S002W19A006S,33.47213056,-117.1185722,10.28,8.85,8.16,9.35,9.68,9.82,7.18,7.88,6.39,7.53,8.42,8.72,8.88,8.76,9.84,9.7,9.49,9.52,10.29,10.33,10.65,10.3,10.36,10.34,9.55,9.99,10.12,9.94,10.3,10.47,10.18,10.07,8.9,9.27,9.4,9.37,8.98,8.89,8.88,7.61,6.08,7.09,7.07,7.06,7.18,7.21,6.86,7.02,7.16,7.17,7.27,7.35,7.48,7.66,7.8,7.92,8.05,8.54,8.54,8.6,8.65,8.64,8.59,8.55,8.54,8.62,8.58,8.51,8.51,8.49,8.44,8.41,8.4,8.38,8.4,8.33,8.18,8.16,7.29,7.57,6.96,7.04,7.15,7.24,7.38,7.52,7.62,7.79,7.92,7.61,7.88,8.08,8.23,8.33,8.43,8.51,9.0,8.98,9.45,9.57,9.43,9.26,8.84,8.92,8.89,7.44,7.77,8.45,8.67,7.35
333122116394001,007S003E34E001S,33.52216667,-116.6623333,62.36,62.56,62.57,62.46,62.41,62.44,62.38,62.41,62.3,62.38,62.31,62.33,62.22,62.29,62.26,62.21,62.21,62.24,62.21,62.22,62.2,62.16,62.14,62.09,62.11,62.16,62.08,62.01,62.03,62.06,61.99,61.96,61.94,61.95,61.89,61.91,61.93,61.76,61.88,61.93,61.7,61.84,61.75,61.65,61.74,61.72,61.6,61.66,61.63,61.58,61.6,61.6,61.56,61.59,61.6,61.59,61.59,61.59,61.52,61.52,61.5,61.47,61.37,61.46,61.4,61.44,61.43,61.33,61.35,61.4,61.36,61.28,61.32,61.27,61.32,61.23,61.31,61.21,61.22,61.11,61.06,61.15,61.13,61.2,61.19,61.14,61.15,61.15,61.16,61.1,61.06,61.1,61.11,61.09,61.1,61.03,61.05,61.05,61.06,60.98,60.89,60.94,60.95,60.9,60.9,60.84,60.97,60.88,60.85,60.77
335714116565001,002S001W35J001S,33.9541333,-116.9471528,578.61,578.87,578.7,578.44,578.77,578.85,578.57,578.57,578.26,578.08,577.85,578.08,578.23,578.36,578.58,578.52,578.63,578.78,579.15,580.21,581.08,581.59,582.05,582.33,582.69,583.18,583.4,583.37,583.18,583.61,583.35,583.62,583.55,583.36,583.2,583.06,582.82,582.18,581.96,581.62,581.05,580.93,,,,,,,,,,,,,,,,,,,,581.36,581.15,580.85,581.17,581.14,580.77,580.27,580.13,579.87,579.17,578.67,578.5,577.91,577.8,577.63,577.17,576.45,575.69,575.53,574.67,574.32,574.47,574.78,574.22,574.14,573.71,573.74,573.97,573.89,574.03,574.01,574.0,573.73,573.81,,,,,,,,,,,,,,,
335714116565002,002S001W35J002S,33.9541333,-116.9471528,578.32,578.6,578.47,578.2,578.5,578.55,578.29,578.35,578.06,577.93,577.68,577.86,577.93,578.11,578.3,578.24,578.34,578.49,578.77,579.65,580.44,580.9,581.36,581.63,582.04,582.51,582.77,582.78,582.7,583.07,582.92,583.18,583.16,583.02,582.89,582.76,582.58,581.97,581.79,581.51,580.92,580.83,580.31,579.74,579.53,579.22,578.86,578.71,578.68,578.27,578.39,578.49,578.48,579.02,579.21,579.62,580.02,580.17,580.38,580.56,580.8,580.89,580.73,580.53,580.76,580.78,580.45,580.0,579.88,579.66,579.05,578.56,578.41,577.86,577.76,577.55,577.16,576.51,575.84,575.57,574.81,574.5,574.54,574.71,574.22,573.9,573.67,573.64,573.79,573.7,573.75,573.77,573.75,573.51,573.55,,,,,,,,,,,,,,,
335714116565003,002S001W35J003S,33.9541333,-116.9471528,577.55,577.88,577.85,577.55,577.62,577.74,577.56,577.81,577.52,577.51,577.21,577.28,577.15,577.45,577.53,577.51,577.59,577.75,577.89,578.35,578.95,579.31,579.79,580.08,580.44,580.92,581.2,581.36,581.54,581.81,581.92,582.1,582.24,582.26,582.2,582.21,582.25,581.79,581.76,581.69,581.07,580.68,580.26,579.86,579.47,579.1,578.79,578.44,578.29,578.09,578.04,578.05,578.06,578.29,578.37,578.61,578.89,,,,,579.78,579.67,579.81,579.86,580.02,579.86,579.5,579.39,579.25,578.89,578.45,578.28,577.82,577.7,577.43,577.16,576.6,576.13,575.64,575.11,574.84,574.55,574.51,574.15,573.89,573.61,573.46,573.39,573.28,573.18,573.23,573.21,573.07,573.03,,,,,,,,,,,,,,,
335807116582201,002S001W27L001S,33.9685472,-116.9735583,562.28,561.43,561.84,561.59,564.36,565.53,563.07,563.92,563.1,564.0,565.77,566.11,568.21,567.01,573.09,570.59,571.43,570.96,571.44,575.02,576.26,578.49,577.29,576.8,577.16,578.22,576.53,576.86,577.72,575.19,574.33,,,,,570.6,567.91,567.1,565.32,563.67,562.72,563.34,562.26,562.32,560.0,560.97,556.11,557.75,557.41,556.87,557.84,557.93,557.21,557.82,557.41,557.78,558.95,559.9,558.52,558.16,558.29,557.12,556.34,551.58,,,,551.32,551.7,550.3,548.81,547.95,549.76,548.92,547.23,544.81,541.28,539.75,537.37,537.64,535.27,534.3,535.54,538.11,536.17,534.2,533.08,533.52,535.86,537.64,538.69,537.98,538.18,534.51,536.5,,,,,,,,,,,,,,,
340046117020803,002S002W12H003S,34.01291667,-117.0363917,344.97,345.4,345.56,345.18,345.3,345.38,345.25,345.47,345.2,345.52,345.43,345.56,345.34,345.43,345.41,345.31,345.34,345.27,345.21,345.15,345.12,345.05,344.99,344.81,344.82,344.84,344.7,344.52,344.51,344.47,344.38,344.23,344.57,344.53,344.38,344.26,344.3,343.95,344.0,344.03,343.49,343.7,343.41,343.05,343.04,342.93,342.65,342.63,342.42,342.18,342.03,341.86,341.58,341.47,341.34,341.13,341.0,340.75,340.4,340.19,339.97,339.7,339.33,339.32,339.03,338.94,338.68,338.28,338.14,338.05,337.73,337.34,337.23,336.87,336.82,336.42,336.3,335.94,335.77,335.38,335.11,335.05,334.84,334.86,334.51,334.21,334.01,333.81,333.62,333.35,333.12,333.03,333.03,332.68,332.52,332.2,332.07,331.97,331.78,331.49,331.28,331.07,331.0,330.76,330.64,330.32,330.43,330.09,330.38,330.61
340046117020804,002S002W12H004S,34.01291667,-117.0363917,342.88,343.34,343.47,343.1,343.19,343.29,,,,,,,,,,,,,,,,,,342.88,342.88,342.99,342.81,342.61,342.6,342.57,342.47,342.31,342.3,342.29,342.12,342.02,342.07,341.69,341.74,341.81,341.24,341.47,341.19,340.83,340.88,340.76,340.48,340.45,340.28,340.04,339.89,339.76,339.48,339.38,339.27,339.07,338.94,338.7,338.36,338.16,337.93,337.66,337.29,337.27,336.97,336.9,336.63,336.24,336.1,336.02,335.71,335.31,335.2,334.84,334.75,334.37,334.26,333.86,333.7,333.3,333.0,332.95,332.76,332.66,332.37,332.12,331.93,331.73,331.56,331.33,331.07,330.97,330.8,330.59,330.44,330.12,330.01,329.92,329.76,329.44,329.25,329.05,328.98,328.73,328.6,328.32,328.37,328.08,327.91,327.65
340130117054905,002S002W04L006S,34.02497778,-117.0970917,122.69,123.51,112.34,106.42,106.5,110.08,110.02,98.27,93.11,,90.04,92.14,93.37,96.14,93.01,91.79,90.4,90.51,89.78,89.22,89.43,87.83,88.1,86.78,83.63,82.7,81.43,80.21,81.52,80.08,80.09,86.97,140.51,141.42,141.49,142.14,142.09,141.77,141.64,141.69,141.27,141.54,141.46,141.23,141.89,142.05,141.98,142.03,141.96,140.88,139.66,138.92,138.8,138.85,136.21,135.99,135.74,130.95,130.78,130.49,130.23,130.12,129.9,130.23,130.01,130.05,130.03,129.89,129.9,129.94,129.86,129.7,127.91,127.21,127.04,126.78,126.65,126.39,126.3,125.92,125.78,125.87,125.74,125.86,125.65,125.63,125.4,125.32,125.19,125.11,124.76,124.88,124.94,124.92,124.91,124.8,124.76,124.89,124.86,124.87,124.86,124.73,124.89,124.91,125.02,124.9,125.07,124.97,124.98,124.92
340136117033904,002S002W02F005S,34.02676944,-117.0608778,241.4,242.02,242.31,242.55,242.73,243.05,243.42,243.66,243.91,244.15,244.31,244.48,244.63,244.84,244.99,245.17,245.33,245.59,245.73,245.96,246.17,246.34,246.55,246.73,246.92,247.19,247.33,247.47,247.67,247.9,248.05,248.27,248.41,248.61,248.74,248.9,249.1,249.11,249.4,249.59,249.56,249.83,249.95,249.94,250.21,250.25,250.16,250.25,250.24,250.22,250.23,250.23,250.14,250.15,250.12,250.13,250.15,250.13,250.0,250.02,249.99,249.94,249.85,249.86,249.76,249.82,249.75,249.62,249.59,249.58,249.51,249.32,249.34,249.23,249.14,249.05,249.01,248.79,248.71,248.53,248.31,248.26,248.08,247.99,247.76,247.55,247.35,247.19,246.98,246.73,246.5,246.24,246.01,245.77,245.51,245.19,244.93,244.65,244.37,243.97,243.69,243.37,243.03,242.67,242.31,242.02,241.68,241.29,240.91,240.48
340136117033905,002S002W02F006S,34.02676944,-117.0608778,241.63,242.23,242.5,242.76,242.93,243.25,243.6,243.84,244.09,244.32,244.5,244.67,244.82,245.03,245.18,245.35,245.49,245.77,245.9,246.13,246.34,246.51,246.71,246.9,247.09,247.35,247.5,247.64,247.83,248.06,248.21,248.42,248.56,248.76,248.88,249.04,249.24,249.25,249.47,249.69,249.64,249.9,250.02,250.01,250.26,250.31,250.22,250.27,250.29,250.28,250.28,250.3,250.21,250.21,250.19,250.2,250.22,250.21,250.09,250.09,250.06,250.04,249.94,249.98,249.89,249.9,249.86,249.73,249.69,249.67,249.61,249.42,249.44,249.35,249.24,249.16,249.11,248.9,248.81,248.64,248.43,248.4,248.24,248.1,247.89,247.7,247.52,247.31,247.14,246.87,246.61,246.4,246.16,245.93,245.65,245.35,245.09,244.83,244.53,244.16,243.85,243.52,243.18,242.83,242.49,242.17,241.83,241.45,241.09,240.68
340248117020902,001S002W36A003S,34.046825,-117.0358778,356.0,369.32,370.46,371.05,365.38,364.36,358.77,357.47,355.94,354.88,355.95,360.81,373.67,359.79,359.64,356.9,358.23,356.22,357.97,363.79,355.08,362.46,362.58,347.57,340.83,333.1,330.59,323.26,317.64,311.95,306.84,306.75,299.11,298.37,305.02,306.98,300.68,295.23,299.94,310.65,297.71,296.6,292.61,295.29,297.0,294.6,292.57,297.42,307.35,303.47,307.05,300.63,307.82,312.68,318.46,329.6,324.5,311.96,306.11,303.05,294.5,279.95,278.06,268.31,267.33,263.63,260.14,243.9,242.97,241.72,239.4,244.61,239.57,239.06,247.84,273.15,267.67,270.32,257.81,256.98,248.26,249.31,249.23,247.08,252.63,243.4,241.1,245.46,256.41,253.52,257.38,253.27,259.12,257.61,256.96,257.96,255.7,251.87,247.92,244.5,231.64,232.93,215.18,221.07,226.61,215.61,216.82,220.2,251.29,247.37
340248117020903,001S002W36A004S,34.046825,-117.0358778,358.63,373.63,375.87,377.2,367.22,365.22,361.95,360.34,358.63,357.22,356.54,359.17,365.82,359.56,358.96,355.7,353.89,350.38,348.53,348.43,341.94,345.5,349.53,332.47,322.82,313.88,306.6,299.32,293.82,289.54,285.31,283.56,278.95,278.01,289.44,293.88,281.59,278.87,281.51,297.3,282.66,282.07,280.69,281.8,283.22,282.79,282.14,284.74,295.97,294.69,297.35,290.2,299.04,302.42,303.9,314.01,310.34,295.28,284.0,281.32,271.19,250.89,253.21,245.67,241.94,237.9,235.78,216.95,216.22,216.21,216.14,219.73,218.7,219.35,225.54,250.22,249.75,253.21,239.58,240.17,236.49,236.6,235.19,232.31,234.26,228.61,226.36,227.28,232.82,240.65,240.85,236.52,236.89,235.26,234.35,234.42,232.36,228.98,224.95,218.94,211.09,211.01,195.17,197.96,212.12,,201.24,203.86,229.91,230.81
340248117020904,001S002W36A005S,34.046825,-117.0358778,360.32,368.66,,,,367.55,364.25,362.05,360.02,358.33,357.07,359.33,364.43,360.63,360.26,357.19,355.05,351.4,348.26,345.31,338.96,341.86,338.59,324.04,310.84,299.18,290.93,283.5,278.16,274.71,271.13,269.41,265.56,264.94,273.18,278.24,270.48,268.51,271.66,283.73,274.39,274.07,273.48,274.62,276.3,276.51,276.37,278.91,287.77,287.25,289.97,285.77,292.26,295.33,298.28,303.94,302.99,290.77,275.55,265.23,252.46,233.92,232.55,225.24,221.29,217.32,214.8,201.16,200.99,202.0,203.15,207.24,207.35,208.77,214.61,232.22,234.77,238.66,231.22,232.47,230.11,230.35,228.71,225.7,226.6,221.61,219.28,219.47,223.56,228.75,227.91,222.87,220.91,218.6,217.37,217.17,215.21,211.97,206.71,199.9,193.64,193.56,183.68,186.3,198.31,191.04,192.84,195.64,215.51,218.26
340316117174102,001S004W27M002S,34.05446944,-117.2948194,112.46,112.2,111.9,111.61,111.32,110.98,110.42,109.94,109.45,109.0,108.38,107.7,106.98,106.12,105.18,104.11,102.89,101.81,101.17,100.24,100.69,100.19,99.38,98.99,98.7,98.28,98.02,97.55,97.07,96.64,96.15,95.8,95.44,95.21,94.98,94.74,94.57,94.35,94.18,93.99,93.57,93.57,93.27,92.93,92.7,92.27,91.87,91.54,91.17,90.66,90.18,89.66,89.08,88.58,88.25,88.07,88.17,88.47,89.26,89.43,89.86,90.32,90.74,91.18,91.54,92.01,92.43,92.68,92.99,93.36,93.57,93.79,94.14,94.43,94.74,94.81,95.01,95.14,95.34,95.5,95.53,95.81,95.81,95.66,95.35,95.11,94.97,95.62,95.24,95.19,96.57,96.47,96.01,96.97,98.04,98.58,99.47,99.9,100.56,100.31,99.75,99.65,99.53,99.77,99.98,99.95,100.04,,,
340316117174103,001S004W27M003S,34.05446944,-117.2948194,95.69,95.88,95.72,95.68,95.43,95.34,95.35,95.14,95.14,94.82,94.6,94.32,94.14,93.82,93.46,93.15,92.63,92.2,91.62,91.12,90.62,90.14,89.76,89.46,89.15,88.94,88.67,88.35,88.05,87.76,87.38,87.11,86.76,86.52,86.22,85.99,85.84,85.56,85.52,85.47,85.18,85.11,85.01,84.73,84.72,84.51,84.25,83.96,83.72,83.44,83.09,82.77,82.34,81.93,81.61,81.35,81.24,81.26,81.24,81.51,81.79,82.07,82.38,82.71,83.0,83.47,83.79,84.1,84.48,84.8,85.17,85.31,85.71,85.99,86.22,86.48,86.77,86.87,,,,,,88.0,87.94,87.9,87.85,87.85,87.81,87.81,87.84,87.82,87.87,87.99,88.08,88.2,88.36,88.57,88.78,88.93,89.19,89.43,89.6,89.76,89.92,90.12,90.26,90.35,90.37,
340408117165302,001S004W22J002S,34.06948056,-117.283911,183.0,179.19,178.36,178.95,180.94,180.92,172.62,167.87,169.42,167.59,170.99,178.27,184.99,184.15,187.57,185.2,192.45,188.49,197.56,195.51,206.2,203.67,203.63,197.6,193.71,194.06,192.71,195.72,,198.84,194.99,200.57,189.88,193.72,194.2,194.0,175.76,172.58,176.44,170.14,165.12,163.45,160.64,160.3,162.03,157.78,157.76,160.43,167.77,169.88,177.31,178.82,185.69,192.54,194.56,196.57,196.4,197.56,198.93,199.39,197.78,198.3,200.67,189.57,189.88,193.01,187.57,178.53,176.52,183.96,170.35,169.59,171.68,168.16,166.79,167.83,169.47,165.84,160.83,163.82,161.91,158.77,162.68,,,178.79,179.1,185.24,186.3,186.81,189.57,187.86,190.37,190.52,190.78,190.96,191.0,195.15,193.4,193.81,192.1,191.34,173.24,185.88,188.24,168.24,157.14,164.81,,
340408117165303,001S004W22J003S,34.06948056,-117.283911,164.53,162.59,161.82,162.29,163.5,163.36,159.25,156.42,156.91,155.21,157.14,160.88,164.7,164.1,166.27,164.93,167.88,166.86,169.85,170.39,174.84,174.46,174.35,172.57,168.2,168.98,168.45,169.82,169.14,170.76,169.29,171.45,167.86,168.03,168.3,167.98,160.01,157.99,158.72,156.51,153.35,152.81,151.05,150.59,151.11,149.33,148.84,149.93,153.64,155.25,158.88,159.51,161.58,164.67,166.31,168.19,168.9,169.47,170.02,170.41,170.62,170.71,172.31,167.94,168.39,169.56,165.61,161.61,160.21,163.68,157.68,156.95,157.42,155.8,155.73,155.86,156.06,153.87,150.88,151.98,151.17,149.08,151.16,,,159.27,158.42,162.11,162.95,163.48,165.27,164.61,166.3,166.6,166.83,166.75,167.33,170.0,169.2,169.12,168.45,167.96,160.57,164.58,165.89,157.33,150.92,154.31,,
340414117190204,001S004W20H004S,34.0705611,-117.3178,139.49,139.7,139.63,139.29,139.04,138.91,138.66,138.44,138.08,137.87,137.39,137.12,136.93,136.7,136.4,136.05,135.59,135.24,134.99,134.67,135.12,134.75,134.21,133.74,133.27,133.02,132.55,132.06,131.71,131.35,130.96,130.64,130.24,129.98,129.58,129.23,129.13,128.56,128.36,128.28,127.65,127.62,127.22,126.72,126.64,126.19,125.72,125.43,125.15,124.68,124.25,123.86,123.3,122.89,122.57,122.19,121.95,121.67,121.57,121.28,121.1,120.9,120.72,120.66,120.5,120.64,120.56,120.37,120.42,120.41,120.34,120.13,120.35,120.45,120.43,120.25,120.42,120.18,120.23,120.18,120.17,120.32,120.35,120.38,120.12,120.0,119.92,120.5,120.18,120.16,122.04,121.39,121.03,122.46,123.27,123.68,,,,,,,,,,,,,,
340414117190205,001S004W20H005S,34.0705611,-117.3178,139.37,139.49,139.42,139.15,138.82,138.79,138.57,138.34,137.98,137.8,137.3,137.06,136.72,136.48,136.2,135.91,135.44,135.13,134.83,134.48,134.74,134.52,134.01,133.53,133.07,132.8,132.31,131.78,131.44,131.03,130.67,130.25,129.85,129.59,129.12,128.76,128.6,128.02,127.86,127.79,127.08,127.05,126.66,126.17,126.12,125.81,125.26,125.0,124.7,124.28,123.84,123.47,122.91,122.5,122.17,121.75,121.47,121.16,121.05,120.74,120.55,120.33,120.15,120.13,119.92,120.06,119.96,119.78,119.81,119.85,119.81,119.6,119.81,119.84,119.94,119.75,119.94,119.7,119.78,119.7,119.54,119.82,119.95,119.87,119.69,119.56,119.44,120.07,119.72,119.66,120.89,120.93,120.58,121.42,122.15,122.5,,,,,,,,,,,,,,
340503117104101,001S003W15K001S,34.0843222,-117.1772083,232.34,232.79,233.03,232.93,232.95,231.81,231.24,232.45,230.85,227.53,224.79,223.33,221.7,220.67,220.42,219.1,218.57,216.42,215.51,214.46,215.18,214.43,212.93,212.29,213.02,214.67,212.95,209.1,207.94,211.67,207.35,205.52,205.83,203.26,202.21,199.53,197.72,195.95,194.76,192.9,191.06,190.1,188.99,,184.21,182.65,181.27,179.79,179.28,176.96,177.69,174.88,173.4,172.33,171.68,170.39,171.2,170.89,169.87,172.81,171.69,170.03,170.27,169.43,168.88,168.64,167.87,164.93,164.75,164.09,162.75,162.02,159.81,159.11,158.3,157.22,154.71,153.31,154.85,153.84,153.65,153.11,153.98,,,153.79,156.32,156.74,156.4,153.57,156.28,153.45,156.34,152.88,152.81,155.64,152.86,156.07,156.07,156.59,154.37,156.96,154.41,154.74,152.93,151.26,150.48,152.88,151.64,152.97
340503117104102,001S003W15K002S,34.0843222,-117.1772083,232.35,232.77,232.98,232.94,232.97,232.03,231.37,232.2,230.8,227.57,224.91,223.49,222.0,221.0,220.69,219.47,218.97,217.09,216.22,215.25,215.73,215.03,213.55,213.0,213.32,215.57,214.03,209.81,208.65,212.54,208.0,206.33,206.27,204.03,202.94,200.52,198.77,196.97,195.82,193.96,192.12,191.11,190.08,,185.83,184.42,183.21,181.6,180.73,178.43,178.65,175.88,174.26,173.21,172.43,171.15,171.73,171.38,170.34,173.7,172.69,171.09,171.19,170.38,169.82,169.57,168.84,165.4,165.13,164.42,163.11,162.3,160.37,159.58,158.71,157.56,,,,,,,,,,153.95,156.97,157.31,157.03,153.73,156.92,153.57,156.93,153.02,152.94,156.14,153.03,156.54,156.57,157.06,154.34,157.4,154.45,154.77,153.19,151.68,150.94,152.87,151.8,152.94
340503117104103,001S003W15K003S,34.0843222,-117.1772083,232.33,232.68,232.91,232.93,232.92,232.28,231.67,232.19,231.22,228.21,225.67,224.14,222.76,221.64,221.15,219.85,219.31,217.74,216.96,216.1,216.25,215.64,214.19,213.75,213.48,215.75,214.47,210.62,209.44,212.73,208.73,207.24,206.73,204.94,203.76,201.58,199.92,198.09,196.9,195.15,193.3,192.14,190.84,,186.44,184.83,183.43,182.06,181.1,179.09,179.06,176.66,175.17,174.08,173.22,171.93,172.2,171.78,170.69,173.67,172.87,171.38,171.32,170.55,170.0,169.73,169.06,165.82,165.43,164.65,163.37,162.56,161.05,160.24,159.41,158.24,156.24,154.76,155.62,154.7,154.3,153.74,154.21,,,153.87,156.67,156.99,156.8,153.76,156.77,153.6,156.76,153.11,153.03,155.92,153.05,156.22,156.31,156.75,154.15,157.06,154.36,154.7,153.38,152.09,151.38,152.75,151.84,152.78
340503117104104,001S003W15K004S,34.0843222,-117.1772083,232.3,232.61,232.82,232.88,232.85,232.41,231.83,232.18,231.4,228.45,225.92,224.29,222.96,221.78,221.12,219.84,219.19,217.85,217.11,216.36,216.35,215.74,214.43,214.01,213.59,215.13,214.06,210.87,209.69,212.21,208.97,207.61,206.85,205.22,203.99,202.01,200.4,198.57,197.31,195.64,193.8,192.54,191.11,,186.85,185.2,183.8,182.37,181.29,179.33,178.98,176.77,175.25,174.15,173.22,172.01,172.07,171.64,170.56,172.75,172.04,170.77,170.6,169.89,169.33,169.06,168.41,165.75,165.29,164.49,163.24,162.49,161.17,160.32,159.48,158.29,156.51,154.98,155.59,154.74,154.2,153.62,153.91,,,153.77,155.79,156.12,155.96,153.62,155.89,153.45,155.84,152.96,152.86,155.06,152.96,155.1,155.53,155.92,153.97,156.2,154.19,154.52,153.38,152.25,151.5,152.43,151.74,152.46
340503117104105,001S003W15K005S,34.0843222,-117.1772083,231.39,231.39,231.4,231.4,231.07,231.07,231.09,231.08,231.07,231.08,228.13,226.31,225.02,224.03,222.96,221.79,220.79,219.93,219.34,218.91,218.78,217.97,217.3,216.73,216.04,215.29,214.83,213.6,212.42,212.27,211.31,209.91,208.4,206.91,205.31,204.22,202.98,201.59,200.4,199.28,197.83,,,,,,,185.85,184.38,182.95,181.45,180.14,178.53,177.08,175.85,174.84,174.19,173.66,172.89,172.67,171.89,171.45,170.98,170.55,170.0,169.7,169.17,168.2,167.4,166.6,165.67,164.9,164.13,163.19,162.36,161.34,160.08,158.44,157.87,157.41,156.48,155.62,155.31,,,155.41,155.19,155.67,155.78,155.58,155.67,155.5,155.5,154.9,154.63,154.81,154.65,155.14,155.32,155.47,155.52,155.73,155.67,155.94,155.49,154.77,153.88,,,
340541117074401,001S002W07Q001S,34.09471667,-117.1288222,319.86,321.43,322.35,322.47,315.99,304.9,293.54,282.56,266.17,246.44,227.17,213.74,206.29,197.34,187.03,177.19,168.6,161.21,154.23,149.34,146.7,145.97,146.05,146.47,147.34,147.94,146.79,142.69,139.0,140.52,140.73,140.75,137.14,136.5,135.68,133.92,132.84,133.41,132.25,130.56,128.68,125.5,122.78,120.0,116.91,116.5,115.42,113.72,109.33,106.57,107.5,109.32,111.5,112.7,112.14,111.57,110.68,111.34,115.36,116.87,116.31,117.49,118.11,118.48,118.77,118.55,117.05,114.89,114.68,112.56,112.08,111.98,110.49,109.54,110.56,117.05,121.25,125.85,131.8,134.98,136.72,139.36,140.13,,,131.63,127.58,124.34,124.7,126.79,131.8,137.16,139.81,141.49,144.4,149.03,154.77,161.22,166.04,169.43,172.23,171.39,170.9,171.45,167.22,162.21,164.21,163.83,165.09,169.16
340541117074402,001S002W07Q002S,34.09471667,-117.1288222,315.37,316.96,317.94,318.03,311.45,300.15,288.36,277.1,260.44,240.24,220.72,207.22,199.6,190.18,179.6,169.73,161.12,153.76,146.82,142.05,139.59,138.98,139.15,139.62,140.51,141.19,139.81,135.54,131.95,133.6,133.93,134.03,130.31,129.67,128.96,127.2,126.22,126.95,125.69,124.08,122.23,118.98,116.29,113.52,110.48,110.09,109.03,107.31,102.98,100.44,101.44,103.32,105.54,106.9,106.33,105.75,104.84,105.56,109.66,111.12,110.59,111.98,112.54,112.94,113.2,112.97,111.44,109.19,109.02,106.99,106.65,106.53,105.22,104.39,105.67,112.16,116.44,121.11,127.16,130.41,132.0,134.64,135.4,,,127.57,123.54,120.45,120.91,123.11,128.25,133.56,136.21,137.91,140.92,145.82,151.63,158.06,163.01,166.32,169.1,168.2,167.73,168.21,163.92,158.95,161.05,160.62,162.08,166.06
340541117074403,001S002W07Q003S,34.09471667,-117.1288222,282.25,284.23,285.82,286.06,273.98,253.89,233.85,219.44,196.77,170.05,149.38,137.82,130.59,118.97,107.33,99.92,93.21,87.72,82.87,80.38,80.5,82.23,83.59,85.28,87.12,88.44,84.23,77.84,75.28,78.83,80.64,81.85,76.41,75.94,76.44,74.75,74.81,77.36,74.82,74.2,72.11,68.47,66.3,63.87,61.45,61.41,60.64,59.02,54.56,54.17,56.25,59.34,62.52,65.12,64.09,63.13,61.77,62.94,67.63,69.07,69.25,71.22,72.11,72.52,72.19,71.36,68.64,64.98,64.99,63.48,64.17,63.79,63.31,63.84,68.16,75.12,80.0,85.8,92.38,95.02,96.15,98.81,99.0,,,82.78,79.23,77.99,79.48,83.39,90.85,95.76,98.19,100.09,105.21,112.75,120.16,126.77,132.0,135.22,137.8,135.83,134.89,134.26,128.03,122.9,126.83,125.29,128.84,132.5
340541117074404,001S002W07Q004S,34.09472778,-117.1287472,,,,,82.92,101.19,116.93,124.19,85.44,62.39,53.23,52.29,50.59,37.86,29.89,30.31,26.64,23.76,22.8,23.26,27.09,32.2,36.36,39.17,42.35,41.27,31.1,22.41,23.64,29.37,33.85,35.47,26.19,25.28,27.19,24.97,25.4,30.39,25.96,27.11,24.46,22.32,20.8,19.38,18.89,19.39,18.35,17.79,14.7,15.1,19.21,22.96,27.18,30.79,33.34,31.78,28.94,28.73,31.85,35.13,37.81,40.69,42.73,42.39,41.3,38.2,28.81,23.04,22.39,20.71,21.66,20.34,20.79,22.11,33.92,41.79,46.75,53.67,60.94,62.33,62.29,65.67,64.04,,,32.21,32.39,35.86,39.83,46.07,56.65,59.29,61.64,63.47,71.68,83.21,92.15,99.19,103.96,106.74,108.64,106.9,103.51,100.97,88.76,82.27,92.88,85.91,96.95,97.65
340541117074405,001S002W07Q005S,34.09472778,-117.1287472,,,,88.62,75.84,97.21,,,79.4,58.23,50.2,49.76,48.56,35.69,27.8,28.58,25.08,22.31,21.52,22.05,26.03,31.34,35.72,38.66,41.89,40.36,30.21,21.33,22.72,28.57,33.19,34.92,25.5,24.28,26.4,24.07,24.49,29.69,25.17,26.38,23.76,21.74,20.22,18.94,18.52,19.16,18.06,17.67,14.16,15.02,19.3,23.07,27.34,31.01,33.65,32.07,29.18,28.77,31.79,35.02,37.67,40.54,42.64,42.32,41.24,38.15,28.5,22.56,21.84,19.97,20.85,19.3,19.72,21.05,33.36,41.49,46.44,53.33,60.56,62.13,62.01,65.41,63.87,,,31.55,31.72,35.29,39.24,45.53,56.23,58.72,61.19,62.99,71.15,82.73,91.75,98.88,,,,,,,89.11,81.99,92.26,85.0,95.88,96.66
340541117074406,001S002W07Q006S,34.09472778,-117.1287472,72.91,72.92,72.88,47.35,45.81,69.09,71.14,71.55,61.31,37.15,33.17,35.54,37.73,27.53,19.97,21.64,19.29,16.98,16.68,17.46,21.6,27.68,32.67,36.12,39.28,37.7,28.49,17.72,19.17,25.27,30.37,33.18,23.5,20.75,24.22,21.21,21.65,27.67,23.06,24.07,21.78,19.81,18.1,17.13,16.54,17.6,15.96,16.08,12.2,12.97,17.73,21.36,25.69,29.52,32.69,31.57,28.81,27.57,30.34,33.37,33.72,34.51,35.48,36.45,37.05,37.47,31.13,22.71,20.4,18.79,17.8,16.51,16.21,17.16,25.8,36.7,42.37,47.87,54.34,59.55,60.09,61.86,63.32,,,38.4,31.11,30.98,33.54,36.1,36.85,37.87,38.98,39.92,40.97,42.18,43.41,44.57,45.58,46.47,47.34,48.16,48.97,49.77,50.53,51.08,51.85,52.41,53.0,53.54
340559117194501,001S004W08E001S,34.09991944,-117.3301889,233.7,233.75,233.57,233.78,234.16,234.11,233.66,233.58,233.32,233.39,233.53,233.6,233.42,233.57,233.52,233.31,233.3,233.15,232.92,232.89,232.9,232.76,232.6,232.42,232.02,231.97,231.67,231.44,231.08,230.92,230.59,230.35,229.93,229.57,229.36,229.02,228.57,228.15,227.96,227.55,227.0,226.8,226.49,226.3,226.29,226.2,225.95,225.91,225.86,225.75,225.62,225.54,225.42,225.47,,225.16,225.18,225.18,225.08,225.07,225.05,225.03,224.84,224.87,224.8,224.96,224.82,224.74,224.68,224.58,224.59,224.58,224.67,224.52,224.77,224.69,224.71,224.43,224.31,224.39,224.28,224.15,224.4,224.58,224.53,224.59,224.47,224.55,224.58,224.56,224.7,,,224.78,224.79,224.73,224.76,224.86,224.88,224.88,224.9,224.88,224.88,224.87,225.0,224.87,224.89,224.94,225.15,
340559117194502,001S004W08E002S,34.09991944,-117.3301889,233.17,233.3,233.24,233.15,233.47,233.51,233.2,233.11,232.94,233.0,233.0,233.05,232.87,232.9,232.82,232.66,232.59,232.47,232.2,232.02,232.0,231.91,231.82,231.42,231.09,231.04,230.72,230.46,,,,,,,,,,,,,225.98,225.97,225.73,225.56,225.56,225.45,225.26,225.21,225.18,225.01,224.95,224.89,224.8,224.78,,224.62,224.65,224.6,224.51,224.47,224.44,224.37,224.19,224.2,224.17,224.31,224.19,224.08,224.06,224.1,224.07,224.09,224.15,224.12,224.23,224.18,224.18,223.94,223.9,223.99,223.9,223.92,224.06,224.2,224.13,224.17,224.06,224.15,224.17,224.16,224.31,,,224.34,224.35,224.34,224.39,224.49,224.51,224.51,224.55,224.54,224.57,224.65,224.77,224.6,224.71,224.82,224.94,
340559117194503,001S004W08E003S,34.09991944,-117.3301889,233.03,233.25,233.35,233.06,233.29,233.34,233.11,233.08,232.9,233.01,232.92,232.93,232.69,232.64,232.58,232.4,232.3,232.21,231.93,231.72,231.68,231.58,231.45,231.19,230.86,230.75,230.34,229.98,229.76,229.31,228.96,228.6,228.21,227.89,227.54,227.23,226.93,226.57,226.4,226.2,225.65,225.74,225.49,225.31,225.27,225.18,225.0,224.96,224.91,224.7,224.64,224.59,224.5,224.45,,224.32,224.41,224.32,224.27,224.24,224.21,224.15,223.99,224.02,224.0,224.09,224.03,223.91,223.92,224.02,223.94,224.0,224.0,224.01,224.1,224.05,224.06,223.86,223.89,223.95,223.87,223.99,224.07,224.18,224.13,224.12,224.07,224.12,224.14,224.12,224.21,,,224.28,224.32,224.3,224.36,224.48,224.52,224.5,224.56,224.58,224.61,224.73,224.86,224.66,224.84,224.96,225.04,
340559117194504,001S004W08E004S,34.09991944,-117.3301889,234.83,235.16,235.12,235.05,235.03,235.11,234.96,234.97,234.87,234.83,234.67,234.61,234.43,234.39,234.19,234.13,233.94,233.93,233.68,233.58,233.5,233.33,233.13,232.96,232.72,232.51,232.16,231.76,231.47,231.03,230.68,230.35,229.88,229.61,229.23,228.92,228.67,228.32,228.24,228.16,227.65,227.77,227.52,227.28,227.33,227.23,226.99,226.97,226.88,226.71,226.7,226.62,226.48,226.41,,226.38,226.4,226.3,226.2,226.21,226.18,226.08,225.99,226.04,225.95,226.1,225.96,225.93,226.0,226.03,226.03,225.97,226.09,226.05,226.2,226.11,226.19,226.05,226.15,226.11,225.98,226.13,226.22,226.27,226.22,226.23,226.13,226.2,226.26,226.24,226.26,,,225.4,225.37,225.4,225.5,225.72,225.81,225.93,226.02,226.16,226.35,226.48,226.64,226.64,226.9,227.09,227.23,
340606117223803,001S005W11F003S,34.1031111,-117.3777389,310.85,311.37,311.57,311.43,311.4,311.59,311.66,311.74,311.59,311.7,311.55,311.64,311.53,311.67,311.69,311.67,311.61,311.66,311.66,311.8,311.9,311.87,,,,,,,312.3,312.33,312.36,312.45,312.69,313.01,313.08,313.17,313.44,313.27,313.52,313.82,313.48,313.79,313.71,313.59,313.86,313.94,313.56,313.49,313.29,313.01,312.88,312.8,312.59,312.53,,312.42,312.44,312.3,312.12,312.26,312.4,312.44,312.47,312.66,312.65,312.92,312.9,312.89,313.05,313.29,313.38,313.36,313.64,313.69,313.91,313.84,314.13,314.03,314.19,314.14,314.08,314.2,314.34,314.43,314.4,314.38,314.38,314.36,314.28,314.26,314.31,,,314.47,314.45,314.31,314.35,314.38,314.31,314.02,313.87,313.72,313.66,313.43,313.34,313.17,313.16,312.9,,
340606117223804,001S005W11F004S,34.1031111,-117.3777389,310.94,311.46,311.66,311.51,311.56,311.74,311.8,311.87,311.72,311.83,311.67,311.75,311.65,311.77,311.79,311.78,311.71,311.75,311.75,311.88,311.98,311.95,312.03,312.04,312.11,312.3,312.32,312.29,312.46,312.62,312.79,312.93,313.01,313.2,313.17,313.26,313.54,313.37,313.63,313.94,313.6,,,,,,,,,313.26,313.09,312.97,312.73,312.66,,312.57,312.57,312.43,312.24,312.35,312.49,312.53,312.57,312.75,312.74,313.02,313.0,312.99,313.15,313.39,313.48,313.46,313.74,313.78,314.01,313.95,314.23,314.12,314.27,314.23,314.17,314.29,314.43,314.51,314.49,314.47,314.47,314.46,314.39,314.36,314.4,,,314.52,314.54,314.43,314.48,314.55,314.49,314.23,314.11,313.98,313.96,313.75,313.69,313.53,313.55,313.32,313.18,
340633117174004,001S004W03N004S,34.10926944,-117.2944194,208.25,208.47,208.61,208.25,208.55,208.88,208.3,208.33,208.05,208.32,208.32,208.63,208.66,209.27,209.53,209.29,209.78,209.93,209.98,210.15,210.21,210.28,210.53,210.47,210.15,210.75,210.46,210.69,210.98,211.09,210.84,211.13,211.3,211.05,211.19,211.25,210.89,210.5,210.55,210.5,209.94,209.94,209.47,209.15,209.09,209.48,209.39,209.54,209.7,209.73,209.89,210.01,210.46,210.78,210.82,211.03,211.17,210.98,211.12,211.22,211.65,211.62,211.35,211.78,211.78,212.07,211.97,211.89,211.49,211.48,211.14,210.81,210.79,211.28,211.38,211.06,210.87,210.27,210.41,210.29,209.65,209.94,210.02,210.4,210.13,210.13,210.01,210.18,210.22,210.34,210.96,211.15,211.39,211.45,211.57,211.51,211.64,211.85,211.92,211.86,211.88,211.81,211.74,211.34,211.39,210.75,210.19,210.44,,
340655117184006,001S004W04E006S,34.11511389,-117.3117444,292.85,291.71,292.19,291.57,291.44,293.39,290.52,290.32,289.84,289.94,289.82,290.38,290.49,292.18,292.61,290.43,292.1,291.92,291.36,291.84,290.89,290.8,291.28,291.35,289.29,291.14,289.11,290.6,291.61,291.56,289.64,291.01,291.61,289.69,290.26,290.5,288.15,287.16,287.15,286.59,284.72,283.73,282.23,282.33,283.55,284.31,283.71,284.1,284.69,285.02,285.41,285.56,288.25,288.98,288.42,289.2,289.28,287.54,288.48,287.97,289.91,289.77,288.25,289.63,289.6,289.84,289.29,289.29,286.82,286.08,285.24,286.6,286.37,286.89,285.23,284.89,283.71,282.45,282.02,281.92,278.85,280.44,280.37,281.6,280.51,280.07,280.04,280.35,280.34,280.61,283.29,283.05,283.09,282.95,282.79,282.44,282.36,282.22,281.98,281.65,281.24,280.84,279.62,277.59,277.42,275.96,273.61,274.67,275.18,273.87
340707117162708,001S004W02D008S,34.11849167,-117.2743722,169.08,169.22,169.29,169.14,169.19,169.2,169.13,169.22,169.1,169.21,169.15,169.21,169.14,169.18,169.19,169.16,169.17,169.19,169.16,169.2,169.23,169.21,169.23,169.18,169.21,169.26,169.25,169.2,169.23,169.26,169.29,169.24,169.26,169.29,169.28,169.29,169.37,169.32,169.34,169.43,169.32,169.45,169.38,169.32,169.33,169.35,169.38,169.45,169.45,169.42,169.45,169.46,169.42,169.47,169.5,169.5,169.53,169.5,169.51,169.51,169.52,169.5,169.47,169.54,169.51,169.58,169.54,169.5,169.51,169.55,169.49,169.46,169.45,169.38,169.42,169.33,169.31,169.25,169.22,169.13,169.1,169.11,169.1,169.09,169.05,168.99,168.95,168.93,168.91,168.89,168.83,168.85,168.85,168.81,168.79,168.7,168.72,168.79,168.74,168.69,168.67,168.62,168.67,168.61,168.62,168.52,168.62,168.56,168.56,
340716117230601,001S005W03A003S,34.12113889,-117.385061,412.87,413.68,413.79,413.65,413.65,413.73,413.54,413.69,413.6,413.82,413.8,413.93,413.96,414.24,414.32,414.35,414.31,414.67,414.62,414.61,414.76,414.95,415.25,415.33,415.55,415.74,415.84,415.79,415.98,416.2,416.4,416.47,416.43,416.44,416.15,416.13,416.29,416.0,416.19,416.39,415.99,416.28,416.15,415.98,416.22,416.28,415.91,416.07,415.95,415.8,415.97,416.01,415.79,415.92,415.91,415.69,415.9,415.87,416.02,416.34,416.58,416.58,416.66,416.93,416.86,417.16,417.11,417.03,417.29,417.57,417.6,417.55,417.71,417.53,417.84,417.67,417.78,417.64,417.5,417.56,417.11,417.41,417.66,417.81,417.69,417.66,417.66,417.29,417.2,417.43,417.41,417.46,417.51,417.51,417.48,417.29,417.36,417.41,417.29,416.7,416.81,416.68,416.57,416.3,416.23,416.05,415.88,415.78,415.62,415.18
340716117230602,001S005W03A004S,34.12113889,-117.385061,412.79,413.57,413.68,413.54,413.54,413.64,413.45,413.59,413.51,413.72,413.7,413.84,413.89,414.17,414.27,414.3,414.27,414.61,414.53,414.55,414.69,414.85,415.13,415.23,415.45,415.65,415.74,415.71,415.88,416.13,416.35,416.46,416.42,416.43,416.14,416.11,416.26,415.97,416.16,416.35,415.96,416.28,416.14,415.97,416.21,416.28,415.91,416.05,415.93,415.78,415.94,415.99,415.77,415.91,415.9,415.71,415.91,,416.04,416.34,416.57,416.57,416.64,416.9,416.85,417.12,417.07,416.98,417.23,417.49,417.53,417.47,417.63,417.46,417.76,417.59,417.71,417.57,417.45,417.5,417.06,417.35,417.58,417.74,417.62,417.59,417.61,417.24,417.15,417.34,417.33,417.38,417.43,417.44,417.41,417.23,417.29,417.34,417.23,416.66,416.75,416.62,416.51,416.24,416.17,415.98,415.84,415.73,415.56,415.14
340716117230603,001S005W03A005S,34.12113889,-117.385061,412.51,413.09,413.24,413.07,413.05,413.19,413.08,413.15,413.1,413.34,413.27,413.41,413.42,413.71,413.85,413.89,413.97,414.12,414.04,414.18,414.3,414.3,414.51,414.83,415.02,415.27,415.29,415.21,415.32,415.62,415.88,416.05,416.12,416.22,416.1,416.07,416.22,415.95,416.13,416.34,415.94,416.25,416.15,415.98,416.22,416.28,415.94,415.98,415.88,415.69,415.76,415.76,415.62,415.71,,415.62,415.67,415.65,415.66,415.88,416.07,416.13,416.18,416.44,416.45,416.73,416.68,416.64,416.81,417.04,417.12,417.08,417.32,417.28,417.45,417.35,417.54,417.4,417.49,417.4,417.21,417.33,417.5,417.65,417.59,417.52,417.51,417.32,417.11,417.07,417.05,,,417.15,417.12,416.94,416.95,416.98,416.87,416.49,416.33,416.14,416.03,415.78,415.69,415.5,415.49,415.3,415.2,414.99
340716117230604,001S005W03A006S,34.12113889,-117.385061,412.39,412.9,413.04,412.87,412.84,412.97,,,,,,,,,,,,,,,,,,,,,,,,415.67,415.83,415.9,415.94,416.08,416.01,415.97,416.12,415.85,416.03,416.23,415.83,416.14,416.04,415.87,416.1,416.15,415.81,415.81,415.71,415.51,415.53,415.54,415.39,415.48,,415.45,415.45,415.43,415.42,415.62,415.8,415.88,415.93,416.18,416.22,416.5,416.52,416.48,416.62,416.84,416.93,416.87,417.09,417.08,417.24,417.16,417.38,417.2,417.3,417.2,417.03,417.13,417.27,417.41,417.38,417.33,417.33,417.2,416.99,417.0,416.98,,,416.97,416.95,416.8,416.81,416.82,416.72,416.36,416.16,415.94,415.82,415.57,415.46,415.29,415.3,,,
340716117230605,001S005W03A007S,34.12113889,-117.385061,412.21,412.7,412.86,412.7,412.69,412.82,412.75,412.8,412.74,412.98,412.91,413.07,413.05,413.31,413.46,413.51,413.61,413.77,413.72,413.88,414.02,414.04,414.15,414.36,414.56,414.84,414.93,414.87,415.12,415.36,415.6,415.74,415.92,416.16,416.13,416.06,416.17,415.85,415.97,416.12,415.68,416.06,415.96,415.78,415.98,415.91,415.51,415.52,415.45,415.28,415.34,415.39,415.21,415.3,,415.28,415.28,415.26,415.26,415.45,415.61,415.68,415.72,415.97,416.0,416.27,416.29,416.28,416.41,416.62,416.71,416.66,416.92,416.91,417.06,416.96,417.17,417.02,417.13,417.04,416.88,416.98,417.13,417.26,417.24,417.21,417.21,417.12,416.9,416.83,416.8,,,416.95,416.9,416.75,416.75,416.79,416.68,416.35,416.16,415.94,415.82,415.58,415.47,415.28,415.31,415.12,415.02,414.87
340814117253501,001N005W29Q001S,34.1374111,-117.4269806,,585.23,585.25,584.97,584.82,584.52,,584.26,,584.15,584.79,584.35,584.24,584.38,584.49,584.59,585.59,586.09,586.2,587.31,588.47,589.15,589.81,590.11,590.41,590.9,590.15,589.05,588.58,588.35,588.06,587.73,587.34,587.1,586.73,586.4,586.3,585.94,585.9,585.91,585.37,585.57,585.41,585.08,585.1,585.06,584.99,585.25,585.21,585.37,585.68,585.97,586.17,586.97,587.99,588.86,589.05,590.7,591.25,591.7,592.06,592.3,592.38,592.67,591.21,590.71,590.1,589.62,589.46,589.34,589.1,588.84,588.73,588.34,588.32,588.03,587.93,587.49,587.3,587.09,586.93,586.87,586.59,586.61,586.37,586.16,585.99,585.98,585.96,585.86,585.78,585.76,585.82,585.79,585.77,585.6,585.56,585.6,585.54,585.32,585.27,585.15,585.12,585.0,584.98,584.63,584.68,584.45,,
340814117253502,001N005W29Q002S,34.1374111,-117.4269806,,,,,584.84,,,,,,,,,,,,,,,,,,589.25,589.57,589.9,590.46,589.93,588.98,588.47,588.18,587.88,587.66,587.25,586.99,586.61,586.25,586.13,585.78,585.72,585.77,585.23,585.46,585.28,584.93,584.95,584.86,584.74,584.95,585.22,585.3,585.56,585.84,585.91,586.64,587.53,588.45,588.81,590.09,590.7,591.21,591.58,591.82,591.88,592.21,591.16,590.62,589.99,589.46,589.25,589.11,588.88,588.58,588.52,588.12,588.07,587.78,587.67,587.23,587.03,586.8,586.5,586.45,586.34,586.34,586.08,585.88,585.72,585.69,585.68,585.58,585.49,585.47,585.52,585.48,585.47,585.29,585.27,585.33,585.3,585.1,585.09,585.01,585.01,584.93,584.95,584.73,584.5,584.18,,
340814117253503,001N005W29Q003S,34.1374111,-117.4269806,,,,,584.78,,,,,,,,,,,,,,,,,,,,,,,,428.54,428.32,428.22,427.79,427.32,427.41,426.84,426.23,425.8,425.01,424.16,423.86,422.68,422.3,421.37,420.45,420.58,420.52,420.39,420.41,420.77,421.26,421.79,422.1,422.18,421.56,422.2,422.65,422.62,422.04,420.25,420.16,419.85,418.36,418.2,418.2,417.95,417.34,416.63,416.37,415.92,389.27,388.71,389.98,389.67,389.47,390.05,387.99,387.53,387.19,388.99,389.25,388.89,387.48,388.06,389.39,389.79,388.46,388.96,385.89,389.55,389.86,389.52,390.15,390.29,389.65,389.69,389.54,389.71,390.49,391.04,390.12,390.91,390.84,391.11,391.11,391.5,391.49,391.94,391.94,,
340927117242203,001N005W21K003S,34.15765,-117.406861,,,,415.43,415.38,415.52,,,,,415.58,415.68,415.55,,415.66,415.62,415.61,415.65,377.02,339.59,333.1,354.25,381.61,407.46,414.74,391.55,379.91,372.54,,,,,,,,,,,,,,,,,,,,,,,,,,,,,,,,,,,,,,,,,,,,,,,,,,,,,,,,,,,,,,,,,,,,,,,,,,,,,,,,,,
